title,selftext,text,subreddit,score,created_utc,sentiment,confidence,len,mentions_apple,mentions_samsung,topic,topic_label,brand,label
"Hello there, I recently sent my iPhone in for repair and they said that I would be free “as long as they didn’t find some other problem” and in the status I find it like this. Does this mean that they found a problem and sent it back?",,"Hello there, I recently sent my iPhone in for repair and they said that I would be free “as long as they didn’t find some other problem” and in the status I find it like this. Does this mean that they found a problem and sent it back?",apple,1,1554077368,negative,0.9973,234,True,False,23,Apple Store support & AppleCare,Apple,Negative
Samsung tab 4 vertical app display,"I have historically been an Apple guy but I recently purchased the Tab 4, and I'm really surprised at how many popular apps don't have a horizontal view?","Samsung tab 4 vertical app display I have historically been an Apple guy but I recently purchased the Tab 4, and I'm really surprised at how many popular apps don't have a horizontal view?",samsung,1,1554083457,positive,0.9973,188,True,True,24,Android navigation gestures,Both,Positive
This smart iOS-happy mug may make you the envy of your office,,This smart iOS-happy mug may make you the envy of your office,apple,1,1554141674,positive,0.9989,61,True,False,7,iPhone models & rumours,Apple,Positive
I Bought a Galaxy Note 8 and Accidentally Broke its Screen within 24 Hours,,I Bought a Galaxy Note 8 and Accidentally Broke its Screen within 24 Hours,android,1,1554143000,negative,0.998,74,False,True,17,Screen protection & phone durability,Samsung,Negative
"iPad Pro has become truly amazing. I made this in 2.5 hours using Procreate and LumaFusion. It's not even close to a replacement for my Mac, but color me surprised.",,"iPad Pro has become truly amazing. I made this in 2.5 hours using Procreate and LumaFusion. It's not even close to a replacement for my Mac, but color me surprised.",apple,428,1554145368,positive,0.9992,164,True,False,12,iPad models & comparisons,Apple,Positive
"Samsung Galaxy s10+ dual front camera test, outstanding quality. Happy with the purchase",,"Samsung Galaxy s10+ dual front camera test, outstanding quality. Happy with the purchase",samsung,20,1554150115,positive,0.9994,88,False,True,1,Galaxy S10 reviews & battery life,Samsung,Positive
New iOS 12.2 is causing my Face ID to fail every time i use my phone.,,New iOS 12.2 is causing my Face ID to fail every time i use my phone.,apple,1,1554154815,negative,0.9992,69,True,False,37,iOS 13 features & dark mode,Apple,Negative
Screw this new update,Cant customize massages need night mode fuck bixby will never by a samsung again apps now look cartoony hate it they lost a customer with this update,Screw this new update Cant customize massages need night mode fuck bixby will never by a samsung again apps now look cartoony hate it they lost a customer with this update,samsung,0,1554157722,negative,0.9995,171,False,True,31,Samsung One UI customisation (Good Lock),Samsung,Negative
Instagram posts are pixelated on my Note 9. Anybody have the same problem ?,,Instagram posts are pixelated on my Note 9. Anybody have the same problem ?,samsung,2,1554177086,negative,0.9908,75,False,True,34,Social app camera quality on Android,Samsung,Negative
"So, on April 1st my desk caught on fire, my iPad Pro 12.9 gen 2, Apple Pencil and keyboard folio with it. Unfortunately not an April fools joke",,"So, on April 1st my desk caught on fire, my iPad Pro 12.9 gen 2, Apple Pencil and keyboard folio with it. Unfortunately not an April fools joke",apple,1,1554219373,negative,0.9965,143,True,False,12,iPad models & comparisons,Apple,Negative
"Everyone is saying samsung is terrible, but can your phone still go on 0% battery?",,"Everyone is saying samsung is terrible, but can your phone still go on 0% battery?",samsung,765,1554223572,negative,0.9839,82,False,True,1,Galaxy S10 reviews & battery life,Samsung,Negative
Shipped phone to Samsung,"I traded in my s7 for the S10+, I shipped the package but I don't know if I have to let them know I sent it or do they just know?","Shipped phone to Samsung I traded in my s7 for the S10+, I shipped the package but I don't know if I have to let them know I sent it or do they just know?",samsung,1,1554255927,negative,0.9913,154,False,True,38,Samsung customer service & refunds,Samsung,Negative
My Fitness Pal not synching from Samsung Health,"Anyone else having this issue? I've linked the two, unlinked and relinked. Nothing syncs to MFP. I've left it connected for about a week with no success, and just reset the link again this evening.","My Fitness Pal not synching from Samsung Health Anyone else having this issue? I've linked the two, unlinked and relinked. Nothing syncs to MFP. I've left it connected for about a week with no success, and just reset the link again this evening.",samsung,2,1554264810,negative,0.9987,245,False,True,9,Smartwatches: Galaxy Watch vs Apple Watch,Samsung,Negative
The Best Phone and Text Pranks: 7 iPhone Pranks to Mess With Someone,,The Best Phone and Text Pranks: 7 iPhone Pranks to Mess With Someone,technology,1,1554274049,positive,0.9986,68,True,False,7,iPhone models & rumours,Apple,Positive
Finally received my yellow Galaxy Buds. Perfectly match my Note9 S-Pen!,,Finally received my yellow Galaxy Buds. Perfectly match my Note9 S-Pen!,samsung,86,1554298708,positive,0.9993,71,False,True,10,Galaxy Buds preorder & stock,Samsung,Positive
"A lot of people have been complaining about the MacBook's keyboard lately, so I decided to throw together a survey to see how users here have been effected. I'll collect the data tonight and upload some graphs tomorrow.",,"A lot of people have been complaining about the MacBook's keyboard lately, so I decided to throw together a survey to see how users here have been effected. I'll collect the data tonight and upload some graphs tomorrow.",apple,125,1554307693,positive,0.9941,219,True,False,13,MacBook keyboard & hardware,Apple,Positive
What's with yesterday's update?,My S7 has been great all of these years and as of yesterday's update my battery drains worse than an iPhone!,What's with yesterday's update? My S7 has been great all of these years and as of yesterday's update my battery drains worse than an iPhone!,samsung,1,1554310163,negative,0.9988,140,True,False,1,Galaxy S10 reviews & battery life,Apple,Negative
"I saw a couple of complaints about this on twitter so I made a quick concept, is this something you would want in iOS 13?",,"I saw a couple of complaints about this on twitter so I made a quick concept, is this something you would want in iOS 13?",apple,9,1554327865,positive,0.9957,121,True,False,37,iOS 13 features & dark mode,Apple,Positive
Samsung Galaxy buds issue,My left is connecting but my right one is not i unpaired and paired again. And still nothing from the right.,Samsung Galaxy buds issue My left is connecting but my right one is not i unpaired and paired again. And still nothing from the right.,samsung,2,1554332138,negative,0.9991,134,False,True,3,Galaxy Buds audio problems,Samsung,Negative
"So the phone says upto $550 off and i go though and it only takes off 300 for a note 9, but it used to be 550 is the promo over?",,"So the phone says upto $550 off and i go though and it only takes off 300 for a note 9, but it used to be 550 is the promo over?",samsung,4,1554335939,negative,0.9987,128,False,True,1,Galaxy S10 reviews & battery life,Samsung,Negative
"Just got my new AirPods in the mail today, can confirm the AirPower printed on the back is gone",,"Just got my new AirPods in the mail today, can confirm the AirPower printed on the back is gone",apple,1,1554368843,negative,0.9944,95,True,False,8,AirPods reviews & Android use,Apple,Negative
When might the new Samsung Galaxy Buds be available in store?,"Not many stores (if at all any), have them. I've been looking online and calling local Best Buys. Are they on back order?","When might the new Samsung Galaxy Buds be available in store? Not many stores (if at all any), have them. I've been looking online and calling local Best Buys. Are they on back order?",samsung,5,1554382514,positive,0.9815,183,False,True,10,Galaxy Buds preorder & stock,Samsung,Positive
"I’m thinking of getting some Gen2 AirPods painted by Colorware. If anyone on here has had them paint AirPods before, how are they holding up? For $339 I would hope pretty well.",,"I’m thinking of getting some Gen2 AirPods painted by Colorware. If anyone on here has had them paint AirPods before, how are they holding up? For $339 I would hope pretty well.",apple,1,1554384541,positive,0.9956,176,True,False,8,AirPods reviews & Android use,Apple,Positive
Will my samsung smart tv support airplay?,I have the Qled series modelcode: QE55Q7FAM,Will my samsung smart tv support airplay? I have the Qled series modelcode: QE55Q7FAM,samsung,1,1554384901,negative,0.9518,85,False,True,18,Samsung TVs & home AV,Samsung,Negative
Galaxy buds,Galaxy buds doesn't have it's own speaker volume like the gear icon x? When I press to raise volume on speaker for galaxy buds it raises the phone volume.,Galaxy buds Galaxy buds doesn't have it's own speaker volume like the gear icon x? When I press to raise volume on speaker for galaxy buds it raises the phone volume.,samsung,0,1554388143,negative,0.9972,166,False,True,3,Galaxy Buds audio problems,Samsung,Negative
"I have a note 8, i am thinking about getting a pixel 2 xl as a second phone. Do i still get unlimited free uploads to google photos?","This is a huge selling point for me, i would like to get access to unlimited google storage. Is this still possible?","I have a note 8, i am thinking about getting a pixel 2 xl as a second phone. Do i still get unlimited free uploads to google photos? This is a huge selling point for me, i would like to get access to unlimited google storage. Is this still possible?",googlepixel,0,1554389352,positive,0.99,249,False,True,2,Switching phones between brands,Samsung,Positive
Galaxy Buds no longer on Samsung Store,So I just got my ecertificate for pre ordering the S10 and now the Galaxy buds are not even on the store anymore for me to buy it and I feel like I just got cucked. Anyone else experiencing this?,Galaxy Buds no longer on Samsung Store So I just got my ecertificate for pre ordering the S10 and now the Galaxy buds are not even on the store anymore for me to buy it and I feel like I just got cucked. Anyone else experiencing this?,samsung,4,1554415399,negative,0.9995,234,False,True,10,Galaxy Buds preorder & stock,Samsung,Negative
Browsing old tech magazines when I stumbled across something that sounded familiar... Apple Card from 1984.,,Browsing old tech magazines when I stumbled across something that sounded familiar... Apple Card from 1984.,apple,89,1554417182,positive,0.99,107,True,False,22,Apple Card & Apple Pay,Apple,Positive
Multi tasking after the update?,It appears impossible to multi task after the update today to my Galaxy note 8.,Multi tasking after the update? It appears impossible to multi task after the update today to my Galaxy note 8.,samsung,3,1554433399,negative,0.9977,111,False,True,6,Android Pie / One UI update problems,Samsung,Negative
Samsung Buds Availability,I usually buy my eletronics at Target (because it's close to where I live) but I'm curious as to why the Samsung Buds aren't at Target. If anyone has the answer please let me know.,Samsung Buds Availability I usually buy my eletronics at Target (because it's close to where I live) but I'm curious as to why the Samsung Buds aren't at Target. If anyone has the answer please let me know.,samsung,2,1554446342,positive,0.9916,206,False,True,10,Galaxy Buds preorder & stock,Samsung,Positive
Galaxy s9+ Dolby atmos,"Hey, when I try to turn off and on atmos it doesn't make any difference, I've tried the different modes movie, music etc. Nothing works! It used to work, anyone experiencing the same?","Galaxy s9+ Dolby atmos Hey, when I try to turn off and on atmos it doesn't make any difference, I've tried the different modes movie, music etc. Nothing works! It used to work, anyone experiencing the same?",samsung,2,1554469405,negative,0.9978,206,False,True,3,Galaxy Buds audio problems,Samsung,Negative
"Glass lens in my galaxy XCover 4 is broken, i'm tempomary using a transparent tape. when i clean lens under the tape i get this black dot EVEN WITHOUT TAPE. this is a pernament damage or i can somehow clean this without get to service/own reapir?",,"Glass lens in my galaxy XCover 4 is broken, i'm tempomary using a transparent tape. when i clean lens under the tape i get this black dot EVEN WITHOUT TAPE. this is a pernament damage or i can somehow clean this without get to service/own reapir?",samsung,1,1554471256,negative,0.9976,246,False,True,17,Screen protection & phone durability,Samsung,Negative
Note 9 (Android 9 Pie),"My Note 9 shipped with Oreo 8.1. I recently upgraded to Pie. If I do a factory reset, will it revert back to Oreo or will it give me a fresh copy of Android Pie?","Note 9 (Android 9 Pie) My Note 9 shipped with Oreo 8.1. I recently upgraded to Pie. If I do a factory reset, will it revert back to Oreo or will it give me a fresh copy of Android Pie?",samsung,3,1554479895,positive,0.9665,184,False,True,6,Android Pie / One UI update problems,Samsung,Positive
Great update,Finally got 9.0 on my Note 8 and I'm very happy with it. There were many UI issues on 8.0 that were making me contemplate leaving Samsung but they are by and large fixed.,Great update Finally got 9.0 on my Note 8 and I'm very happy with it. There were many UI issues on 8.0 that were making me contemplate leaving Samsung but they are by and large fixed.,samsung,3,1554481452,positive,0.9995,183,False,True,6,Android Pie / One UI update problems,Samsung,Positive
"Everyone's posting photos from their fancy new S10s, but here's one from my Note 9.",,"Everyone's posting photos from their fancy new S10s, but here's one from my Note 9.",samsung,11,1554508633,positive,0.998,83,False,True,1,Galaxy S10 reviews & battery life,Samsung,Positive
Just got my galaxy buds promo code,Can't decide between white and black. What are all of your thoughts?,Just got my galaxy buds promo code Can't decide between white and black. What are all of your thoughts?,samsung,0,1554516249,positive,0.9928,103,False,True,10,Galaxy Buds preorder & stock,Samsung,Positive
Switching from iPhone XS to Pixel 2 XL,"When switching between these two phones, will I be able to just add my iPhone SIM card to the Pixel 2? Is that really all that needs to be done? I appreciate any help anyone can provide with this. Thank you!","Switching from iPhone XS to Pixel 2 XL When switching between these two phones, will I be able to just add my iPhone SIM card to the Pixel 2? Is that really all that needs to be done? I appreciate any help anyone can provide with this. Thank you!",googlepixel,0,1554580529,positive,0.9935,246,True,False,2,Switching phones between brands,Apple,Positive
S9+ Battery Life,How is anyone else doing on the Snapdragon variant of the Galaxy S9+. I usually get 7-10 hours depending on usage even after having the phone for a year. Anyone else have similar numbers or am I alone.,S9+ Battery Life How is anyone else doing on the Snapdragon variant of the Galaxy S9+. I usually get 7-10 hours depending on usage even after having the phone for a year. Anyone else have similar numbers or am I alone.,samsung,1,1554608422,positive,0.9982,218,False,True,1,Galaxy S10 reviews & battery life,Samsung,Positive
I’ve got a Samsung 4K monitor,I was wondering what the best settings for it are so I can get the best graphics out of it,I’ve got a Samsung 4K monitor I was wondering what the best settings for it are so I can get the best graphics out of it,samsung,5,1554618663,positive,0.9984,120,False,True,18,Samsung TVs & home AV,Samsung,Positive
Sorry Android users. Please don't hate me. I tried it. I bought the Samsung Galaxy S10 Plus and here's my verdict...,,Sorry Android users. Please don't hate me. I tried it. I bought the Samsung Galaxy S10 Plus and here's my verdict...,android,0,1554661906,positive,0.9962,116,False,True,1,Galaxy S10 reviews & battery life,Samsung,Positive
Galaxy watch active users,Hello. I just bought one. Im wondering if its normal for the backbutton to stick out slightly more than the homebutton? Both buttons feel good and clicky. Just want to know if its normal.,Galaxy watch active users Hello. I just bought one. Im wondering if its normal for the backbutton to stick out slightly more than the homebutton? Both buttons feel good and clicky. Just want to know if its normal.,samsung,1,1554663454,positive,0.9979,213,False,True,9,Smartwatches: Galaxy Watch vs Apple Watch,Samsung,Positive
Galaxy buds vs Jabra Elite Active 65t?,"Which one would be best to get? I'm looking for good sound quality and everyday use, I would also be using them in the gym as well","Galaxy buds vs Jabra Elite Active 65t? Which one would be best to get? I'm looking for good sound quality and everyday use, I would also be using them in the gym as well",samsung,6,1554698978,positive,0.9975,169,False,True,3,Galaxy Buds audio problems,Samsung,Positive
"Despite having a case on, the glass back all chipped. I never have this problem on any Samsung glass phones. Happy to depart this iPhone to go with S10plus.",,"Despite having a case on, the glass back all chipped. I never have this problem on any Samsung glass phones. Happy to depart this iPhone to go with S10plus.",samsung,0,1554700926,negative,0.9965,156,True,True,17,Screen protection & phone durability,Both,Negative
Just bought Ipad pro 11” with pencil yesterday... and now my pencil is not working :( need help!,,Just bought Ipad pro 11” with pencil yesterday... and now my pencil is not working :( need help!,apple,1,1554714532,negative,0.9973,96,True,False,12,iPad models & comparisons,Apple,Negative
"AirPods 2 are amazing, but can Apple fix the 85 ms latency on AirPods 3?",,"AirPods 2 are amazing, but can Apple fix the 85 ms latency on AirPods 3?",apple,1,1554771301,positive,0.998,72,True,False,8,AirPods reviews & Android use,Apple,Positive
My friend tapped on The ipad completely normal and it broke.,,My friend tapped on The ipad completely normal and it broke.,apple,1,1554798436,negative,0.997,60,True,False,12,iPad models & comparisons,Apple,Negative
"A case for iPad Pro (11"" and 12.9"") that allows you to use the Apple Magic Keyboard. I've been following this for a couple years while in development, and the final product looks amazing.",,"A case for iPad Pro (11"" and 12.9"") that allows you to use the Apple Magic Keyboard. I've been following this for a couple years while in development, and the final product looks amazing.",apple,1,1554826876,positive,0.9991,187,True,False,12,iPad models & comparisons,Apple,Positive
"With the Samsung home experience, which is your best layout and why, app drawer or home screen with apps?","I feel that the app drawer setup is more comfortable, but the home apps screen setup looks like an iPhone mode.","With the Samsung home experience, which is your best layout and why, app drawer or home screen with apps? I feel that the app drawer setup is more comfortable, but the home apps screen setup looks like an iPhone mode.",samsung,1,1554831223,positive,0.9972,217,True,True,24,Android navigation gestures,Both,Positive
Why is there an ad in apple news+? I though that’s why I’m paying $10/month,,Why is there an ad in apple news+? I though that’s why I’m paying $10/month,apple,1,1554834949,negative,0.996,75,True,False,16,"Apple services: News+, TV+, Arcade",Apple,Negative
Does this count as “fast” wireless charging for the iPhone X? I’m using a new QC3.0 wireless charger and a QC3.0 usb car adapter. Would a better usb cable make a difference? Shouldn’t I get 7.5W?,,Does this count as “fast” wireless charging for the iPhone X? I’m using a new QC3.0 wireless charger and a QC3.0 usb car adapter. Would a better usb cable make a difference? Shouldn’t I get 7.5W?,apple,1,1554927361,negative,0.9743,195,True,False,14,Charging & cables,Apple,Negative
